{
  "fio version" : "fio-3.28",
  "timestamp" : 1741503566,
  "timestamp_ms" : 1741503566765,
  "time" : "Sun Mar  9 06:59:26 2025",
  "jobs" : [
    {
      "jobname" : "test",
      "groupid" : 0,
      "error" : 0,
      "eta" : 0,
      "elapsed" : 31,
      "job options" : {
        "name" : "test",
        "rw" : "randread",
        "bs" : "4k",
        "direct" : "1",
        "size" : "1G",
        "iodepth" : "16",
        "runtime" : "30",
        "filename" : "testfile"
      },
      "read" : {
        "io_bytes" : 17297408,
        "io_kbytes" : 16892,
        "bw_bytes" : 575697,
        "bw" : 562,
        "iops" : 140.551155,
        "runtime" : 30046,
        "total_ios" : 4223,
        "short_ios" : 0,
        "drop_ios" : 0,
        "slat_ns" : {
          "min" : 0,
          "max" : 0,
          "mean" : 0.000000,
          "stddev" : 0.000000,
          "N" : 0
        },
        "clat_ns" : {
          "min" : 157728,
          "max" : 277097435,
          "mean" : 7111401.989107,
          "stddev" : 11352736.642842,
          "N" : 4223,
          "percentile" : {
            "1.000000" : 1630208,
            "5.000000" : 2310144,
            "10.000000" : 2834432,
            "20.000000" : 3686400,
            "30.000000" : 4620288,
            "40.000000" : 5537792,
            "50.000000" : 6324224,
            "60.000000" : 7176192,
            "70.000000" : 8028160,
            "80.000000" : 8847360,
            "90.000000" : 9764864,
            "95.000000" : 10420224,
            "99.000000" : 19529728,
            "99.500000" : 53215232,
            "99.900000" : 210763776,
            "99.950000" : 248512512,
            "99.990000" : 278921216
          }
        },
        "lat_ns" : {
          "min" : 157900,
          "max" : 277097623,
          "mean" : 7111684.009709,
          "stddev" : 11352736.673462,
          "N" : 4223
        },
        "bw_min" : 128,
        "bw_max" : 752,
        "bw_agg" : 99.963696,
        "bw_mean" : 562.900000,
        "bw_dev" : 126.793800,
        "bw_samples" : 60,
        "iops_min" : 32,
        "iops_max" : 188,
        "iops_mean" : 140.716667,
        "iops_stddev" : 31.695100,
        "iops_samples" : 60
      },
      "write" : {
        "io_bytes" : 0,
        "io_kbytes" : 0,
        "bw_bytes" : 0,
        "bw" : 0,
        "iops" : 0.000000,
        "runtime" : 0,
        "total_ios" : 0,
        "short_ios" : 0,
        "drop_ios" : 0,
        "slat_ns" : {
          "min" : 0,
          "max" : 0,
          "mean" : 0.000000,
          "stddev" : 0.000000,
          "N" : 0
        },
        "clat_ns" : {
          "min" : 0,
          "max" : 0,
          "mean" : 0.000000,
          "stddev" : 0.000000,
          "N" : 0
        },
        "lat_ns" : {
          "min" : 0,
          "max" : 0,
          "mean" : 0.000000,
          "stddev" : 0.000000,
          "N" : 0
        },
        "bw_min" : 0,
        "bw_max" : 0,
        "bw_agg" : 0.000000,
        "bw_mean" : 0.000000,
        "bw_dev" : 0.000000,
        "bw_samples" : 0,
        "iops_min" : 0,
        "iops_max" : 0,
        "iops_mean" : 0.000000,
        "iops_stddev" : 0.000000,
        "iops_samples" : 0
      },
      "trim" : {
        "io_bytes" : 0,
        "io_kbytes" : 0,
        "bw_bytes" : 0,
        "bw" : 0,
        "iops" : 0.000000,
        "runtime" : 0,
        "total_ios" : 0,
        "short_ios" : 0,
        "drop_ios" : 0,
        "slat_ns" : {
          "min" : 0,
          "max" : 0,
          "mean" : 0.000000,
          "stddev" : 0.000000,
          "N" : 0
        },
        "clat_ns" : {
          "min" : 0,
          "max" : 0,
          "mean" : 0.000000,
          "stddev" : 0.000000,
          "N" : 0
        },
        "lat_ns" : {
          "min" : 0,
          "max" : 0,
          "mean" : 0.000000,
          "stddev" : 0.000000,
          "N" : 0
        },
        "bw_min" : 0,
        "bw_max" : 0,
        "bw_agg" : 0.000000,
        "bw_mean" : 0.000000,
        "bw_dev" : 0.000000,
        "bw_samples" : 0,
        "iops_min" : 0,
        "iops_max" : 0,
        "iops_mean" : 0.000000,
        "iops_stddev" : 0.000000,
        "iops_samples" : 0
      },
      "sync" : {
        "total_ios" : 0,
        "lat_ns" : {
          "min" : 0,
          "max" : 0,
          "mean" : 0.000000,
          "stddev" : 0.000000,
          "N" : 0
        }
      },
      "job_runtime" : 30045,
      "usr_cpu" : 0.066567,
      "sys_cpu" : 0.525878,
      "ctx" : 4223,
      "majf" : 0,
      "minf" : 13,
      "iodepth_level" : {
        "1" : 100.000000,
        "2" : 0.000000,
        "4" : 0.000000,
        "8" : 0.000000,
        "16" : 0.000000,
        "32" : 0.000000,
        ">=64" : 0.000000
      },
      "iodepth_submit" : {
        "0" : 0.000000,
        "4" : 100.000000,
        "8" : 0.000000,
        "16" : 0.000000,
        "32" : 0.000000,
        "64" : 0.000000,
        ">=64" : 0.000000
      },
      "iodepth_complete" : {
        "0" : 0.000000,
        "4" : 100.000000,
        "8" : 0.000000,
        "16" : 0.000000,
        "32" : 0.000000,
        "64" : 0.000000,
        ">=64" : 0.000000
      },
      "latency_ns" : {
        "2" : 0.000000,
        "4" : 0.000000,
        "10" : 0.000000,
        "20" : 0.000000,
        "50" : 0.000000,
        "100" : 0.000000,
        "250" : 0.000000,
        "500" : 0.000000,
        "750" : 0.000000,
        "1000" : 0.000000
      },
      "latency_us" : {
        "2" : 0.000000,
        "4" : 0.000000,
        "10" : 0.000000,
        "20" : 0.000000,
        "50" : 0.000000,
        "100" : 0.000000,
        "250" : 0.118399,
        "500" : 0.000000,
        "750" : 0.000000,
        "1000" : 0.023680
      },
      "latency_ms" : {
        "2" : 2.959981,
        "4" : 20.412029,
        "10" : 68.789960,
        "20" : 6.748757,
        "50" : 0.402557,
        "100" : 0.307838,
        "250" : 0.189439,
        "500" : 0.047360,
        "750" : 0.000000,
        "1000" : 0.000000,
        "2000" : 0.000000,
        ">=2000" : 0.000000
      },
      "latency_depth" : 16,
      "latency_target" : 0,
      "latency_percentile" : 100.000000,
      "latency_window" : 0
    }
  ],
  "disk_util" : [
    {
      "name" : "dm-0",
      "read_ios" : 4221,
      "write_ios" : 26,
      "read_merges" : 0,
      "write_merges" : 0,
      "read_ticks" : 29456,
      "write_ticks" : 888,
      "in_queue" : 30344,
      "util" : 98.421913,
      "aggr_read_ios" : 4223,
      "aggr_write_ios" : 14,
      "aggr_read_merges" : 0,
      "aggr_write_merge" : 12,
      "aggr_read_ticks" : 29928,
      "aggr_write_ticks" : 260,
      "aggr_in_queue" : 30245,
      "aggr_util" : 99.296616
    },
    {
      "name" : "sda",
      "read_ios" : 4223,
      "write_ios" : 14,
      "read_merges" : 0,
      "write_merges" : 12,
      "read_ticks" : 29928,
      "write_ticks" : 260,
      "in_queue" : 30245,
      "util" : 99.296616
    }
  ]
}
